{
    "meta": {
        "num_tuples": 32561,
        "num_attributes": 7,
        "num_attributes_in_BN": 6,
        "all_attributes": [
            "ssn",
            "age",
            "education",
            "marital-status",
            "relationship",
            "sex",
            "income"
        ],
        "candidate_keys": [
            "ssn"
        ],
        "non_categorical_string_attributes": [],
        "attributes_in_BN": [
            "sex",
            "marital-status",
            "age",
            "relationship",
            "education",
            "income"
        ]
    },
    "attribute_description": {
        "ssn": {
            "name": "ssn",
            "data_type": "SocialSecurityNumber",
            "is_categorical": false,
            "is_candidate_key": true,
            "min": 123456789,
            "max": 999999999,
            "missing_rate": 0.0,
            "distribution_bins": [
                123456789.0,
                167283949.5,
                211111110.0,
                254938270.5,
                298765431.0,
                342592591.5,
                386419752.0,
                430246912.5,
                474074073.0,
                517901233.5,
                561728394.0,
                605555554.5,
                649382715.0,
                693209875.5,
                737037036.0,
                780864196.5,
                824691357.0,
                868518517.5,
                912345678.0,
                956172838.5
            ],
            "distribution_probabilities": [
                0.05060800271669492,
                0.05715191455068141,
                0.05741769981679463,
                0.043797844145968066,
                0.048351450475246784,
                0.03566629021831502,
                0.05483770177280135,
                0.05177654655907638,
                0.0548151950924724,
                0.04811107508260841,
                0.04968949523446614,
                0.050894242358476255,
                0.04641164529304046,
                0.04935559584819151,
                0.04596876158714809,
                0.05103678231945276,
                0.05248912137612458,
                0.04843089514488709,
                0.05000744964530266,
                0.053182290762251186
            ]
        },
        "age": {
            "name": "age",
            "data_type": "Integer",
            "is_categorical": false,
            "is_candidate_key": false,
            "min": 17,
            "max": 90,
            "missing_rate": 0.09867633057952765,
            "distribution_bins": [
                17.0,
                20.65,
                24.3,
                27.95,
                31.6,
                35.25,
                38.9,
                42.55,
                46.2,
                49.85,
                53.5,
                57.15,
                60.8,
                64.44999999999999,
                68.1,
                71.75,
                75.4,
                79.05,
                82.7,
                86.35
            ],
            "distribution_probabilities": [
                0.07118615324851647,
                0.09998318228186662,
                0.07434371910043074,
                0.10737823855139256,
                0.10532563601094323,
                0.07689898710560032,
                0.10755628766282409,
                0.08430469891926852,
                0.05628544864919628,
                0.06255467003318181,
                0.04715523258245664,
                0.027932321359776795,
                0.028378192227208297,
                0.027435018521063316,
                0.008872104248793769,
                0.008327562170728178,
                0.003853626625345733,
                0.0,
                0.0,
                0.00222892070140668
            ]
        },
        "education": {
            "name": "education",
            "data_type": "String",
            "is_categorical": true,
            "is_candidate_key": false,
            "min": 3,
            "max": 12,
            "missing_rate": 0.3196462025122079,
            "distribution_bins": [
                "10th",
                "11th",
                "12th",
                "1st-4th",
                "5th-6th",
                "7th-8th",
                "9th",
                "Assoc-acdm",
                "Assoc-voc",
                "Bachelors",
                "Doctorate",
                "HS-grad",
                "Masters",
                "Preschool",
                "Prof-school",
                "Some-college"
            ],
            "distribution_probabilities": [
                0.02818893129579793,
                0.03599199641433974,
                0.015415278460066753,
                0.0035287010637393592,
                0.009919242801891427,
                0.02216085689407649,
                0.021342290023105004,
                0.027277264010895724,
                0.03673267376403775,
                0.16551507314071645,
                0.01347718355891786,
                0.31979574888282913,
                0.0647382632905382,
                0.0,
                0.015334543910766696,
                0.22058195248828152
            ]
        },
        "marital-status": {
            "name": "marital-status",
            "data_type": "String",
            "is_categorical": true,
            "is_candidate_key": false,
            "min": 7,
            "max": 21,
            "missing_rate": 0.2171309234974356,
            "distribution_bins": [
                "Divorced",
                "Married-AF-spouse",
                "Married-civ-spouse",
                "Married-spouse-absent",
                "Never-married",
                "Separated",
                "Widowed"
            ],
            "distribution_probabilities": [
                0.1297106259876941,
                0.013600184161068552,
                0.4585920008648682,
                0.012994982956591085,
                0.32939963707164144,
                0.02583030046187977,
                0.02987226849625682
            ]
        },
        "relationship": {
            "name": "relationship",
            "data_type": "String",
            "is_categorical": true,
            "is_candidate_key": false,
            "min": 4,
            "max": 14,
            "missing_rate": 0.23128896532661775,
            "distribution_bins": [
                "Husband",
                "Not-in-family",
                "Other-relative",
                "Own-child",
                "Unmarried",
                "Wife"
            ],
            "distribution_probabilities": [
                0.40759429723269447,
                0.2585269286241677,
                0.03703668389627146,
                0.14573306800847086,
                0.10698033414099835,
                0.04412868809739713
            ]
        },
        "sex": {
            "name": "sex",
            "data_type": "String",
            "is_categorical": true,
            "is_candidate_key": false,
            "min": 4,
            "max": 6,
            "missing_rate": 0.4344154049322809,
            "distribution_bins": [
                "Female",
                "Male"
            ],
            "distribution_probabilities": [
                0.3300292264699739,
                0.6699707735300262
            ]
        },
        "income": {
            "name": "income",
            "data_type": "String",
            "is_categorical": true,
            "is_candidate_key": false,
            "min": 4,
            "max": 5,
            "missing_rate": 0.44611651976290656,
            "distribution_bins": [
                "<=50K",
                ">50K"
            ],
            "distribution_probabilities": [
                0.7602007699041763,
                0.23979923009582382
            ]
        }
    }
}