{
    "meta": {
        "num_tuples": 32561,
        "num_attributes": 7,
        "num_attributes_in_BN": 6,
        "all_attributes": [
            "ssn",
            "age",
            "education",
            "marital-status",
            "relationship",
            "sex",
            "income"
        ],
        "candidate_keys": [
            "ssn"
        ],
        "non_categorical_string_attributes": [],
        "attributes_in_BN": [
            "relationship",
            "education",
            "income",
            "age",
            "marital-status",
            "sex"
        ]
    },
    "attribute_description": {
        "ssn": {
            "name": "ssn",
            "data_type": "SocialSecurityNumber",
            "is_categorical": false,
            "is_candidate_key": true,
            "min": 123456789,
            "max": 999999999,
            "missing_rate": 0.0,
            "distribution_bins": [
                123456789.0,
                167283949.5,
                211111110.0,
                254938270.5,
                298765431.0,
                342592591.5,
                386419752.0,
                430246912.5,
                474074073.0,
                517901233.5,
                561728394.0,
                605555554.5,
                649382715.0,
                693209875.5,
                737037036.0,
                780864196.5,
                824691357.0,
                868518517.5,
                912345678.0,
                956172838.5
            ],
            "distribution_probabilities": [
                0.04272814880049231,
                0.052131357092880186,
                0.05070739742248091,
                0.052120209759516783,
                0.048891926109740566,
                0.04958150195353095,
                0.05027040098816592,
                0.047958015705082443,
                0.049508324781106824,
                0.047738659841017037,
                0.05034099960330542,
                0.050968128743347475,
                0.049050329783601715,
                0.049738981588917215,
                0.05138828180623851,
                0.04957350051283934,
                0.05296067489445789,
                0.05060329406899742,
                0.052882809168942724,
                0.05085705737533859
            ]
        },
        "age": {
            "name": "age",
            "data_type": "Integer",
            "is_categorical": false,
            "is_candidate_key": false,
            "min": 17,
            "max": 90,
            "missing_rate": 0.09867633057952765,
            "distribution_bins": [
                17.0,
                20.65,
                24.3,
                27.95,
                31.6,
                35.25,
                38.9,
                42.55,
                46.2,
                49.85,
                53.5,
                57.15,
                60.8,
                64.44999999999999,
                68.1,
                71.75,
                75.4,
                79.05,
                82.7,
                86.35
            ],
            "distribution_probabilities": [
                0.0734252600016495,
                0.10222204657432893,
                0.07213544532195655,
                0.10557006742696674,
                0.10567862263276478,
                0.07979147044659726,
                0.09715139072053261,
                0.09066336900643375,
                0.05962981033557131,
                0.06501173806555334,
                0.04732617101436703,
                0.03121855704903227,
                0.029304084737412275,
                0.017838088655226764,
                0.008853235310000292,
                0.007010635900906526,
                0.0035751337001274533,
                0.002794745311143725,
                0.0,
                0.0008001277894288148
            ]
        },
        "education": {
            "name": "education",
            "data_type": "String",
            "is_categorical": true,
            "is_candidate_key": false,
            "min": 3,
            "max": 12,
            "missing_rate": 0.3196462025122079,
            "distribution_bins": [
                "10th",
                "11th",
                "12th",
                "1st-4th",
                "5th-6th",
                "7th-8th",
                "9th",
                "Assoc-acdm",
                "Assoc-voc",
                "Bachelors",
                "Doctorate",
                "HS-grad",
                "Masters",
                "Preschool",
                "Prof-school",
                "Some-college"
            ],
            "distribution_probabilities": [
                0.02936046692972081,
                0.038460131730000506,
                0.01022840334536054,
                0.0024073535739394737,
                0.01015836162297937,
                0.01957483229197861,
                0.010879736563658936,
                0.03799395375056189,
                0.04177997380543382,
                0.16353962258295254,
                0.010589064527826162,
                0.32339200239260013,
                0.06014076715084699,
                0.0004246195096376846,
                0.018335115957129555,
                0.22273559426537298
            ]
        },
        "marital-status": {
            "name": "marital-status",
            "data_type": "String",
            "is_categorical": true,
            "is_candidate_key": false,
            "min": 7,
            "max": 21,
            "missing_rate": 0.2171309234974356,
            "distribution_bins": [
                "Divorced",
                "Married-AF-spouse",
                "Married-civ-spouse",
                "Married-spouse-absent",
                "Never-married",
                "Separated",
                "Widowed"
            ],
            "distribution_probabilities": [
                0.13280765582031062,
                0.0002186604981800683,
                0.46098229360261517,
                0.014833025927214374,
                0.3329377274765587,
                0.02701669693606137,
                0.031203939739059692
            ]
        },
        "relationship": {
            "name": "relationship",
            "data_type": "String",
            "is_categorical": true,
            "is_candidate_key": false,
            "min": 4,
            "max": 14,
            "missing_rate": 0.23128896532661775,
            "distribution_bins": [
                "Husband",
                "Not-in-family",
                "Other-relative",
                "Own-child",
                "Unmarried",
                "Wife"
            ],
            "distribution_probabilities": [
                0.406772182349574,
                0.2564098747293848,
                0.0334088487012202,
                0.1553168483132281,
                0.10481479576854981,
                0.04327745013804309
            ]
        },
        "sex": {
            "name": "sex",
            "data_type": "String",
            "is_categorical": true,
            "is_candidate_key": false,
            "min": 4,
            "max": 6,
            "missing_rate": 0.4344154049322809,
            "distribution_bins": [
                "Female",
                "Male"
            ],
            "distribution_probabilities": [
                0.3339045587071093,
                0.6660954412928908
            ]
        },
        "income": {
            "name": "income",
            "data_type": "String",
            "is_categorical": true,
            "is_candidate_key": false,
            "min": 4,
            "max": 5,
            "missing_rate": 0.44611651976290656,
            "distribution_bins": [
                "<=50K",
                ">50K"
            ],
            "distribution_probabilities": [
                0.7599371720896626,
                0.24006282791033728
            ]
        }
    }
}